SEKTOR,SUBSEKTOR,MSIC_5D
PEMBINAAN,AKTIVITI PERTUKANGAN KHAS,43110
PEMBINAAN,AKTIVITI PERTUKANGAN KHAS,43121
PEMBINAAN,AKTIVITI PERTUKANGAN KHAS,43122
PEMBINAAN,AKTIVITI PERTUKANGAN KHAS,43123
PEMBINAAN,AKTIVITI PERTUKANGAN KHAS,43124
PEMBINAAN,AKTIVITI PERTUKANGAN KHAS,43125
PEMBINAAN,AKTIVITI PERTUKANGAN KHAS,43126
PEMBINAAN,AKTIVITI PERTUKANGAN KHAS,43129
PEMBINAAN,AKTIVITI PERTUKANGAN KHAS,43211
PEMBINAAN,AKTIVITI PERTUKANGAN KHAS,43212
PEMBINAAN,AKTIVITI PERTUKANGAN KHAS,43213
PEMBINAAN,AKTIVITI PERTUKANGAN KHAS,43214
PEMBINAAN,AKTIVITI PERTUKANGAN KHAS,43215
PEMBINAAN,AKTIVITI PERTUKANGAN KHAS,43216
PEMBINAAN,AKTIVITI PERTUKANGAN KHAS,43219
PEMBINAAN,AKTIVITI PERTUKANGAN KHAS,43221
PEMBINAAN,AKTIVITI PERTUKANGAN KHAS,43222
PEMBINAAN,AKTIVITI PERTUKANGAN KHAS,43223
PEMBINAAN,AKTIVITI PERTUKANGAN KHAS,43224
PEMBINAAN,AKTIVITI PERTUKANGAN KHAS,43225
PEMBINAAN,AKTIVITI PERTUKANGAN KHAS,43226
PEMBINAAN,AKTIVITI PERTUKANGAN KHAS,43227
PEMBINAAN,AKTIVITI PERTUKANGAN KHAS,43228
PEMBINAAN,AKTIVITI PERTUKANGAN KHAS,43229
PEMBINAAN,AKTIVITI PERTUKANGAN KHAS,43291
PEMBINAAN,AKTIVITI PERTUKANGAN KHAS,43292
PEMBINAAN,AKTIVITI PERTUKANGAN KHAS,43293
PEMBINAAN,AKTIVITI PERTUKANGAN KHAS,43294
PEMBINAAN,AKTIVITI PERTUKANGAN KHAS,43295
PEMBINAAN,AKTIVITI PERTUKANGAN KHAS,43299
PEMBINAAN,AKTIVITI PERTUKANGAN KHAS,43301
PEMBINAAN,AKTIVITI PERTUKANGAN KHAS,43302
PEMBINAAN,AKTIVITI PERTUKANGAN KHAS,43303
PEMBINAAN,AKTIVITI PERTUKANGAN KHAS,43304
PEMBINAAN,AKTIVITI PERTUKANGAN KHAS,43305
PEMBINAAN,AKTIVITI PERTUKANGAN KHAS,43306
PEMBINAAN,AKTIVITI PERTUKANGAN KHAS,43307
PEMBINAAN,AKTIVITI PERTUKANGAN KHAS,43309
PEMBINAAN,AKTIVITI PERTUKANGAN KHAS,43901
PEMBINAAN,AKTIVITI PERTUKANGAN KHAS,43902
PEMBINAAN,AKTIVITI PERTUKANGAN KHAS,43903
PEMBINAAN,AKTIVITI PERTUKANGAN KHAS,43904
PEMBINAAN,AKTIVITI PERTUKANGAN KHAS,43905
PEMBINAAN,AKTIVITI PERTUKANGAN KHAS,43906
PEMBINAAN,AKTIVITI PERTUKANGAN KHAS,43907
PEMBINAAN,AKTIVITI PERTUKANGAN KHAS,43909
PEMBINAAN,BANGUNAN BUKAN KEDIAMAN,41002
PEMBINAAN,BANGUNAN BUKAN KEDIAMAN,41003
PEMBINAAN,BANGUNAN BUKAN KEDIAMAN,41009
PEMBINAAN,BANGUNAN KEDIAMAN,41001
PEMBINAAN,KEJURUTERAAN AWAM,42101
PEMBINAAN,KEJURUTERAAN AWAM,42102
PEMBINAAN,KEJURUTERAAN AWAM,42103
PEMBINAAN,KEJURUTERAAN AWAM,42104
PEMBINAAN,KEJURUTERAAN AWAM,42105
PEMBINAAN,KEJURUTERAAN AWAM,42106
PEMBINAAN,KEJURUTERAAN AWAM,42109
PEMBINAAN,KEJURUTERAAN AWAM,42201
PEMBINAAN,KEJURUTERAAN AWAM,42202
PEMBINAAN,KEJURUTERAAN AWAM,42203
PEMBINAAN,KEJURUTERAAN AWAM,42204
PEMBINAAN,KEJURUTERAAN AWAM,42205
PEMBINAAN,KEJURUTERAAN AWAM,42206
PEMBINAAN,KEJURUTERAAN AWAM,42207
PEMBINAAN,KEJURUTERAAN AWAM,42209
PEMBINAAN,KEJURUTERAAN AWAM,42901
PEMBINAAN,KEJURUTERAAN AWAM,42902
PEMBINAAN,KEJURUTERAAN AWAM,42903
PEMBINAAN,KEJURUTERAAN AWAM,42904
PEMBINAAN,KEJURUTERAAN AWAM,42905
PEMBINAAN,KEJURUTERAAN AWAM,42906
PEMBINAAN,KEJURUTERAAN AWAM,42909
PEMBUATAN,MINUMAN DAN PRODUK TEMBAKAU,11010
PEMBUATAN,MINUMAN DAN PRODUK TEMBAKAU,11020
PEMBUATAN,MINUMAN DAN PRODUK TEMBAKAU,11030
PEMBUATAN,MINUMAN DAN PRODUK TEMBAKAU,11041
PEMBUATAN,MINUMAN DAN PRODUK TEMBAKAU,11042
PEMBUATAN,MINUMAN DAN PRODUK TEMBAKAU,12000
PEMBUATAN,"PERALATAN PENGANGKUTAN, PEMBUATAN LAIN DAN PEMBAIKAN",29101
PEMBUATAN,"PERALATAN PENGANGKUTAN, PEMBUATAN LAIN DAN PEMBAIKAN",29102
PEMBUATAN,"PERALATAN PENGANGKUTAN, PEMBUATAN LAIN DAN PEMBAIKAN",29200
PEMBUATAN,"PERALATAN PENGANGKUTAN, PEMBUATAN LAIN DAN PEMBAIKAN",29300
PEMBUATAN,"PERALATAN PENGANGKUTAN, PEMBUATAN LAIN DAN PEMBAIKAN",30110
PEMBUATAN,"PERALATAN PENGANGKUTAN, PEMBUATAN LAIN DAN PEMBAIKAN",30120
PEMBUATAN,"PERALATAN PENGANGKUTAN, PEMBUATAN LAIN DAN PEMBAIKAN",30200
PEMBUATAN,"PERALATAN PENGANGKUTAN, PEMBUATAN LAIN DAN PEMBAIKAN",30300
PEMBUATAN,"PERALATAN PENGANGKUTAN, PEMBUATAN LAIN DAN PEMBAIKAN",30400
PEMBUATAN,"PERALATAN PENGANGKUTAN, PEMBUATAN LAIN DAN PEMBAIKAN",30910
PEMBUATAN,"PERALATAN PENGANGKUTAN, PEMBUATAN LAIN DAN PEMBAIKAN",30920
PEMBUATAN,"PERALATAN PENGANGKUTAN, PEMBUATAN LAIN DAN PEMBAIKAN",30990
PEMBUATAN,"PERALATAN PENGANGKUTAN, PEMBUATAN LAIN DAN PEMBAIKAN",32110
PEMBUATAN,"PERALATAN PENGANGKUTAN, PEMBUATAN LAIN DAN PEMBAIKAN",32120
PEMBUATAN,"PERALATAN PENGANGKUTAN, PEMBUATAN LAIN DAN PEMBAIKAN",32200
PEMBUATAN,"PERALATAN PENGANGKUTAN, PEMBUATAN LAIN DAN PEMBAIKAN",32300
PEMBUATAN,"PERALATAN PENGANGKUTAN, PEMBUATAN LAIN DAN PEMBAIKAN",32400
PEMBUATAN,"PERALATAN PENGANGKUTAN, PEMBUATAN LAIN DAN PEMBAIKAN",32500
PEMBUATAN,"PERALATAN PENGANGKUTAN, PEMBUATAN LAIN DAN PEMBAIKAN",32901
PEMBUATAN,"PERALATAN PENGANGKUTAN, PEMBUATAN LAIN DAN PEMBAIKAN",32909
PEMBUATAN,"PERALATAN PENGANGKUTAN, PEMBUATAN LAIN DAN PEMBAIKAN",33110
PEMBUATAN,"PERALATAN PENGANGKUTAN, PEMBUATAN LAIN DAN PEMBAIKAN",33120
PEMBUATAN,"PERALATAN PENGANGKUTAN, PEMBUATAN LAIN DAN PEMBAIKAN",33131
PEMBUATAN,"PERALATAN PENGANGKUTAN, PEMBUATAN LAIN DAN PEMBAIKAN",33132
PEMBUATAN,"PERALATAN PENGANGKUTAN, PEMBUATAN LAIN DAN PEMBAIKAN",33133
PEMBUATAN,"PERALATAN PENGANGKUTAN, PEMBUATAN LAIN DAN PEMBAIKAN",33140
PEMBUATAN,"PERALATAN PENGANGKUTAN, PEMBUATAN LAIN DAN PEMBAIKAN",33150
PEMBUATAN,"PERALATAN PENGANGKUTAN, PEMBUATAN LAIN DAN PEMBAIKAN",33190
PEMBUATAN,"PERALATAN PENGANGKUTAN, PEMBUATAN LAIN DAN PEMBAIKAN",33200
PEMBUATAN,"PRODUK ELEKTRIK, ELEKTRONIK DAN OPTIKAL",26101
PEMBUATAN,"PRODUK ELEKTRIK, ELEKTRONIK DAN OPTIKAL",26102
PEMBUATAN,"PRODUK ELEKTRIK, ELEKTRONIK DAN OPTIKAL",26103
PEMBUATAN,"PRODUK ELEKTRIK, ELEKTRONIK DAN OPTIKAL",26104
PEMBUATAN,"PRODUK ELEKTRIK, ELEKTRONIK DAN OPTIKAL",26105
PEMBUATAN,"PRODUK ELEKTRIK, ELEKTRONIK DAN OPTIKAL",26109
PEMBUATAN,"PRODUK ELEKTRIK, ELEKTRONIK DAN OPTIKAL",26201
PEMBUATAN,"PRODUK ELEKTRIK, ELEKTRONIK DAN OPTIKAL",26202
PEMBUATAN,"PRODUK ELEKTRIK, ELEKTRONIK DAN OPTIKAL",26300
PEMBUATAN,"PRODUK ELEKTRIK, ELEKTRONIK DAN OPTIKAL",26400
PEMBUATAN,"PRODUK ELEKTRIK, ELEKTRONIK DAN OPTIKAL",26511
PEMBUATAN,"PRODUK ELEKTRIK, ELEKTRONIK DAN OPTIKAL",26512
PEMBUATAN,"PRODUK ELEKTRIK, ELEKTRONIK DAN OPTIKAL",26520
PEMBUATAN,"PRODUK ELEKTRIK, ELEKTRONIK DAN OPTIKAL",26600
PEMBUATAN,"PRODUK ELEKTRIK, ELEKTRONIK DAN OPTIKAL",26701
PEMBUATAN,"PRODUK ELEKTRIK, ELEKTRONIK DAN OPTIKAL",26702
PEMBUATAN,"PRODUK ELEKTRIK, ELEKTRONIK DAN OPTIKAL",26800
PEMBUATAN,"PRODUK ELEKTRIK, ELEKTRONIK DAN OPTIKAL",27101
PEMBUATAN,"PRODUK ELEKTRIK, ELEKTRONIK DAN OPTIKAL",27102
PEMBUATAN,"PRODUK ELEKTRIK, ELEKTRONIK DAN OPTIKAL",27200
PEMBUATAN,"PRODUK ELEKTRIK, ELEKTRONIK DAN OPTIKAL",27310
PEMBUATAN,"PRODUK ELEKTRIK, ELEKTRONIK DAN OPTIKAL",27320
PEMBUATAN,"PRODUK ELEKTRIK, ELEKTRONIK DAN OPTIKAL",27330
PEMBUATAN,"PRODUK ELEKTRIK, ELEKTRONIK DAN OPTIKAL",27400
PEMBUATAN,"PRODUK ELEKTRIK, ELEKTRONIK DAN OPTIKAL",27500
PEMBUATAN,"PRODUK ELEKTRIK, ELEKTRONIK DAN OPTIKAL",27900
PEMBUATAN,"PRODUK ELEKTRIK, ELEKTRONIK DAN OPTIKAL",28110
PEMBUATAN,"PRODUK ELEKTRIK, ELEKTRONIK DAN OPTIKAL",28120
PEMBUATAN,"PRODUK ELEKTRIK, ELEKTRONIK DAN OPTIKAL",28130
PEMBUATAN,"PRODUK ELEKTRIK, ELEKTRONIK DAN OPTIKAL",28140
PEMBUATAN,"PRODUK ELEKTRIK, ELEKTRONIK DAN OPTIKAL",28150
PEMBUATAN,"PRODUK ELEKTRIK, ELEKTRONIK DAN OPTIKAL",28160
PEMBUATAN,"PRODUK ELEKTRIK, ELEKTRONIK DAN OPTIKAL",28170
PEMBUATAN,"PRODUK ELEKTRIK, ELEKTRONIK DAN OPTIKAL",28180
PEMBUATAN,"PRODUK ELEKTRIK, ELEKTRONIK DAN OPTIKAL",28191
PEMBUATAN,"PRODUK ELEKTRIK, ELEKTRONIK DAN OPTIKAL",28192
PEMBUATAN,"PRODUK ELEKTRIK, ELEKTRONIK DAN OPTIKAL",28199
PEMBUATAN,"PRODUK ELEKTRIK, ELEKTRONIK DAN OPTIKAL",28210
PEMBUATAN,"PRODUK ELEKTRIK, ELEKTRONIK DAN OPTIKAL",28220
PEMBUATAN,"PRODUK ELEKTRIK, ELEKTRONIK DAN OPTIKAL",28230
PEMBUATAN,"PRODUK ELEKTRIK, ELEKTRONIK DAN OPTIKAL",28240
PEMBUATAN,"PRODUK ELEKTRIK, ELEKTRONIK DAN OPTIKAL",28250
PEMBUATAN,"PRODUK ELEKTRIK, ELEKTRONIK DAN OPTIKAL",28260
PEMBUATAN,"PRODUK ELEKTRIK, ELEKTRONIK DAN OPTIKAL",28290
PEMBUATAN,"PRODUK KAYU, PERABOT, KELUARAN KERTAS DAN PERCETAKAN",16100
PEMBUATAN,"PRODUK KAYU, PERABOT, KELUARAN KERTAS DAN PERCETAKAN",16211
PEMBUATAN,"PRODUK KAYU, PERABOT, KELUARAN KERTAS DAN PERCETAKAN",16212
PEMBUATAN,"PRODUK KAYU, PERABOT, KELUARAN KERTAS DAN PERCETAKAN",16221
PEMBUATAN,"PRODUK KAYU, PERABOT, KELUARAN KERTAS DAN PERCETAKAN",16222
PEMBUATAN,"PRODUK KAYU, PERABOT, KELUARAN KERTAS DAN PERCETAKAN",16230
PEMBUATAN,"PRODUK KAYU, PERABOT, KELUARAN KERTAS DAN PERCETAKAN",16291
PEMBUATAN,"PRODUK KAYU, PERABOT, KELUARAN KERTAS DAN PERCETAKAN",16292
PEMBUATAN,"PRODUK KAYU, PERABOT, KELUARAN KERTAS DAN PERCETAKAN",17010
PEMBUATAN,"PRODUK KAYU, PERABOT, KELUARAN KERTAS DAN PERCETAKAN",17020
PEMBUATAN,"PRODUK KAYU, PERABOT, KELUARAN KERTAS DAN PERCETAKAN",17091
PEMBUATAN,"PRODUK KAYU, PERABOT, KELUARAN KERTAS DAN PERCETAKAN",17092
PEMBUATAN,"PRODUK KAYU, PERABOT, KELUARAN KERTAS DAN PERCETAKAN",17093
PEMBUATAN,"PRODUK KAYU, PERABOT, KELUARAN KERTAS DAN PERCETAKAN",17094
PEMBUATAN,"PRODUK KAYU, PERABOT, KELUARAN KERTAS DAN PERCETAKAN",17099
PEMBUATAN,"PRODUK KAYU, PERABOT, KELUARAN KERTAS DAN PERCETAKAN",18110
PEMBUATAN,"PRODUK KAYU, PERABOT, KELUARAN KERTAS DAN PERCETAKAN",18120
PEMBUATAN,"PRODUK KAYU, PERABOT, KELUARAN KERTAS DAN PERCETAKAN",18200
PEMBUATAN,"PRODUK KAYU, PERABOT, KELUARAN KERTAS DAN PERCETAKAN",31001
PEMBUATAN,"PRODUK KAYU, PERABOT, KELUARAN KERTAS DAN PERCETAKAN",31002
PEMBUATAN,"PRODUK KAYU, PERABOT, KELUARAN KERTAS DAN PERCETAKAN",31003
PEMBUATAN,"PRODUK KAYU, PERABOT, KELUARAN KERTAS DAN PERCETAKAN",31009
PEMBUATAN,PRODUK MAKANAN,10101
PEMBUATAN,PRODUK MAKANAN,10102
PEMBUATAN,PRODUK MAKANAN,10103
PEMBUATAN,PRODUK MAKANAN,10104
PEMBUATAN,PRODUK MAKANAN,10109
PEMBUATAN,PRODUK MAKANAN,10201
PEMBUATAN,PRODUK MAKANAN,10202
PEMBUATAN,PRODUK MAKANAN,10203
PEMBUATAN,PRODUK MAKANAN,10204
PEMBUATAN,PRODUK MAKANAN,10205
PEMBUATAN,PRODUK MAKANAN,10301
PEMBUATAN,PRODUK MAKANAN,10302
PEMBUATAN,PRODUK MAKANAN,10303
PEMBUATAN,PRODUK MAKANAN,10304
PEMBUATAN,PRODUK MAKANAN,10305
PEMBUATAN,PRODUK MAKANAN,10306
PEMBUATAN,PRODUK MAKANAN,10401
PEMBUATAN,PRODUK MAKANAN,10402
PEMBUATAN,PRODUK MAKANAN,10403
PEMBUATAN,PRODUK MAKANAN,10404
PEMBUATAN,PRODUK MAKANAN,10405
PEMBUATAN,PRODUK MAKANAN,10406
PEMBUATAN,PRODUK MAKANAN,10407
PEMBUATAN,PRODUK MAKANAN,10501
PEMBUATAN,PRODUK MAKANAN,10502
PEMBUATAN,PRODUK MAKANAN,10509
PEMBUATAN,PRODUK MAKANAN,10611
PEMBUATAN,PRODUK MAKANAN,10613
PEMBUATAN,PRODUK MAKANAN,10619
PEMBUATAN,PRODUK MAKANAN,10621
PEMBUATAN,PRODUK MAKANAN,10622
PEMBUATAN,PRODUK MAKANAN,10623
PEMBUATAN,PRODUK MAKANAN,10711
PEMBUATAN,PRODUK MAKANAN,10712
PEMBUATAN,PRODUK MAKANAN,10713
PEMBUATAN,PRODUK MAKANAN,10714
PEMBUATAN,PRODUK MAKANAN,10721
PEMBUATAN,PRODUK MAKANAN,10722
PEMBUATAN,PRODUK MAKANAN,10731
PEMBUATAN,PRODUK MAKANAN,10732
PEMBUATAN,PRODUK MAKANAN,10733
PEMBUATAN,PRODUK MAKANAN,10741
PEMBUATAN,PRODUK MAKANAN,10742
PEMBUATAN,PRODUK MAKANAN,10750
PEMBUATAN,PRODUK MAKANAN,10791
PEMBUATAN,PRODUK MAKANAN,10792
PEMBUATAN,PRODUK MAKANAN,10793
PEMBUATAN,PRODUK MAKANAN,10794
PEMBUATAN,PRODUK MAKANAN,10795
PEMBUATAN,PRODUK MAKANAN,10799
PEMBUATAN,PRODUK MAKANAN,10800
PEMBUATAN,"PRODUK MINERAL BUKAN LOGAM, LOGAM ASAS DAN PRODUK LOGAM YANG DIREKA",23101
PEMBUATAN,"PRODUK MINERAL BUKAN LOGAM, LOGAM ASAS DAN PRODUK LOGAM YANG DIREKA",23102
PEMBUATAN,"PRODUK MINERAL BUKAN LOGAM, LOGAM ASAS DAN PRODUK LOGAM YANG DIREKA",23109
PEMBUATAN,"PRODUK MINERAL BUKAN LOGAM, LOGAM ASAS DAN PRODUK LOGAM YANG DIREKA",23911
PEMBUATAN,"PRODUK MINERAL BUKAN LOGAM, LOGAM ASAS DAN PRODUK LOGAM YANG DIREKA",23912
PEMBUATAN,"PRODUK MINERAL BUKAN LOGAM, LOGAM ASAS DAN PRODUK LOGAM YANG DIREKA",23921
PEMBUATAN,"PRODUK MINERAL BUKAN LOGAM, LOGAM ASAS DAN PRODUK LOGAM YANG DIREKA",23929
PEMBUATAN,"PRODUK MINERAL BUKAN LOGAM, LOGAM ASAS DAN PRODUK LOGAM YANG DIREKA",23930
PEMBUATAN,"PRODUK MINERAL BUKAN LOGAM, LOGAM ASAS DAN PRODUK LOGAM YANG DIREKA",23941
PEMBUATAN,"PRODUK MINERAL BUKAN LOGAM, LOGAM ASAS DAN PRODUK LOGAM YANG DIREKA",23942
PEMBUATAN,"PRODUK MINERAL BUKAN LOGAM, LOGAM ASAS DAN PRODUK LOGAM YANG DIREKA",23951
PEMBUATAN,"PRODUK MINERAL BUKAN LOGAM, LOGAM ASAS DAN PRODUK LOGAM YANG DIREKA",23952
PEMBUATAN,"PRODUK MINERAL BUKAN LOGAM, LOGAM ASAS DAN PRODUK LOGAM YANG DIREKA",23953
PEMBUATAN,"PRODUK MINERAL BUKAN LOGAM, LOGAM ASAS DAN PRODUK LOGAM YANG DIREKA",23959
PEMBUATAN,"PRODUK MINERAL BUKAN LOGAM, LOGAM ASAS DAN PRODUK LOGAM YANG DIREKA",23960
PEMBUATAN,"PRODUK MINERAL BUKAN LOGAM, LOGAM ASAS DAN PRODUK LOGAM YANG DIREKA",23990
PEMBUATAN,"PRODUK MINERAL BUKAN LOGAM, LOGAM ASAS DAN PRODUK LOGAM YANG DIREKA",24101
PEMBUATAN,"PRODUK MINERAL BUKAN LOGAM, LOGAM ASAS DAN PRODUK LOGAM YANG DIREKA",24102
PEMBUATAN,"PRODUK MINERAL BUKAN LOGAM, LOGAM ASAS DAN PRODUK LOGAM YANG DIREKA",24103
PEMBUATAN,"PRODUK MINERAL BUKAN LOGAM, LOGAM ASAS DAN PRODUK LOGAM YANG DIREKA",24104
PEMBUATAN,"PRODUK MINERAL BUKAN LOGAM, LOGAM ASAS DAN PRODUK LOGAM YANG DIREKA",24109
PEMBUATAN,"PRODUK MINERAL BUKAN LOGAM, LOGAM ASAS DAN PRODUK LOGAM YANG DIREKA",24201
PEMBUATAN,"PRODUK MINERAL BUKAN LOGAM, LOGAM ASAS DAN PRODUK LOGAM YANG DIREKA",24202
PEMBUATAN,"PRODUK MINERAL BUKAN LOGAM, LOGAM ASAS DAN PRODUK LOGAM YANG DIREKA",24209
PEMBUATAN,"PRODUK MINERAL BUKAN LOGAM, LOGAM ASAS DAN PRODUK LOGAM YANG DIREKA",24311
PEMBUATAN,"PRODUK MINERAL BUKAN LOGAM, LOGAM ASAS DAN PRODUK LOGAM YANG DIREKA",24312
PEMBUATAN,"PRODUK MINERAL BUKAN LOGAM, LOGAM ASAS DAN PRODUK LOGAM YANG DIREKA",24320
PEMBUATAN,"PRODUK MINERAL BUKAN LOGAM, LOGAM ASAS DAN PRODUK LOGAM YANG DIREKA",25111
PEMBUATAN,"PRODUK MINERAL BUKAN LOGAM, LOGAM ASAS DAN PRODUK LOGAM YANG DIREKA",25112
PEMBUATAN,"PRODUK MINERAL BUKAN LOGAM, LOGAM ASAS DAN PRODUK LOGAM YANG DIREKA",25113
PEMBUATAN,"PRODUK MINERAL BUKAN LOGAM, LOGAM ASAS DAN PRODUK LOGAM YANG DIREKA",25119
PEMBUATAN,"PRODUK MINERAL BUKAN LOGAM, LOGAM ASAS DAN PRODUK LOGAM YANG DIREKA",25120
PEMBUATAN,"PRODUK MINERAL BUKAN LOGAM, LOGAM ASAS DAN PRODUK LOGAM YANG DIREKA",25130
PEMBUATAN,"PRODUK MINERAL BUKAN LOGAM, LOGAM ASAS DAN PRODUK LOGAM YANG DIREKA",25200
PEMBUATAN,"PRODUK MINERAL BUKAN LOGAM, LOGAM ASAS DAN PRODUK LOGAM YANG DIREKA",25910
PEMBUATAN,"PRODUK MINERAL BUKAN LOGAM, LOGAM ASAS DAN PRODUK LOGAM YANG DIREKA",25920
PEMBUATAN,"PRODUK MINERAL BUKAN LOGAM, LOGAM ASAS DAN PRODUK LOGAM YANG DIREKA",25930
PEMBUATAN,"PRODUK MINERAL BUKAN LOGAM, LOGAM ASAS DAN PRODUK LOGAM YANG DIREKA",25991
PEMBUATAN,"PRODUK MINERAL BUKAN LOGAM, LOGAM ASAS DAN PRODUK LOGAM YANG DIREKA",25992
PEMBUATAN,"PRODUK MINERAL BUKAN LOGAM, LOGAM ASAS DAN PRODUK LOGAM YANG DIREKA",25993
PEMBUATAN,"PRODUK MINERAL BUKAN LOGAM, LOGAM ASAS DAN PRODUK LOGAM YANG DIREKA",25994
PEMBUATAN,"PRODUK MINERAL BUKAN LOGAM, LOGAM ASAS DAN PRODUK LOGAM YANG DIREKA",25999
PEMBUATAN,"PRODUK PETROLEUM, KIMIA, GETAH DAN PLASTIK",19201
PEMBUATAN,"PRODUK PETROLEUM, KIMIA, GETAH DAN PLASTIK",19202
PEMBUATAN,"PRODUK PETROLEUM, KIMIA, GETAH DAN PLASTIK",20111
PEMBUATAN,"PRODUK PETROLEUM, KIMIA, GETAH DAN PLASTIK",20112
PEMBUATAN,"PRODUK PETROLEUM, KIMIA, GETAH DAN PLASTIK",20113
PEMBUATAN,"PRODUK PETROLEUM, KIMIA, GETAH DAN PLASTIK",20119
PEMBUATAN,"PRODUK PETROLEUM, KIMIA, GETAH DAN PLASTIK",20121
PEMBUATAN,"PRODUK PETROLEUM, KIMIA, GETAH DAN PLASTIK",20129
PEMBUATAN,"PRODUK PETROLEUM, KIMIA, GETAH DAN PLASTIK",20131
PEMBUATAN,"PRODUK PETROLEUM, KIMIA, GETAH DAN PLASTIK",20132
PEMBUATAN,"PRODUK PETROLEUM, KIMIA, GETAH DAN PLASTIK",20133
PEMBUATAN,"PRODUK PETROLEUM, KIMIA, GETAH DAN PLASTIK",20210
PEMBUATAN,"PRODUK PETROLEUM, KIMIA, GETAH DAN PLASTIK",20221
PEMBUATAN,"PRODUK PETROLEUM, KIMIA, GETAH DAN PLASTIK",20222
PEMBUATAN,"PRODUK PETROLEUM, KIMIA, GETAH DAN PLASTIK",20231
PEMBUATAN,"PRODUK PETROLEUM, KIMIA, GETAH DAN PLASTIK",20232
PEMBUATAN,"PRODUK PETROLEUM, KIMIA, GETAH DAN PLASTIK",20291
PEMBUATAN,"PRODUK PETROLEUM, KIMIA, GETAH DAN PLASTIK",20292
PEMBUATAN,"PRODUK PETROLEUM, KIMIA, GETAH DAN PLASTIK",20299
PEMBUATAN,"PRODUK PETROLEUM, KIMIA, GETAH DAN PLASTIK",20300
PEMBUATAN,"PRODUK PETROLEUM, KIMIA, GETAH DAN PLASTIK",21001
PEMBUATAN,"PRODUK PETROLEUM, KIMIA, GETAH DAN PLASTIK",21003
PEMBUATAN,"PRODUK PETROLEUM, KIMIA, GETAH DAN PLASTIK",21005
PEMBUATAN,"PRODUK PETROLEUM, KIMIA, GETAH DAN PLASTIK",21006
PEMBUATAN,"PRODUK PETROLEUM, KIMIA, GETAH DAN PLASTIK",21007
PEMBUATAN,"PRODUK PETROLEUM, KIMIA, GETAH DAN PLASTIK",21009
PEMBUATAN,"PRODUK PETROLEUM, KIMIA, GETAH DAN PLASTIK",22111
PEMBUATAN,"PRODUK PETROLEUM, KIMIA, GETAH DAN PLASTIK",22112
PEMBUATAN,"PRODUK PETROLEUM, KIMIA, GETAH DAN PLASTIK",22191
PEMBUATAN,"PRODUK PETROLEUM, KIMIA, GETAH DAN PLASTIK",22192
PEMBUATAN,"PRODUK PETROLEUM, KIMIA, GETAH DAN PLASTIK",22193
PEMBUATAN,"PRODUK PETROLEUM, KIMIA, GETAH DAN PLASTIK",22199
PEMBUATAN,"PRODUK PETROLEUM, KIMIA, GETAH DAN PLASTIK",22201
PEMBUATAN,"PRODUK PETROLEUM, KIMIA, GETAH DAN PLASTIK",22202
PEMBUATAN,"PRODUK PETROLEUM, KIMIA, GETAH DAN PLASTIK",22203
PEMBUATAN,"PRODUK PETROLEUM, KIMIA, GETAH DAN PLASTIK",22204
PEMBUATAN,"PRODUK PETROLEUM, KIMIA, GETAH DAN PLASTIK",22205
PEMBUATAN,"PRODUK PETROLEUM, KIMIA, GETAH DAN PLASTIK",22209
PEMBUATAN,"PRODUK TEKSTIL, PAKAIAN, KULIT DAN KASUT",13110
PEMBUATAN,"PRODUK TEKSTIL, PAKAIAN, KULIT DAN KASUT",13120
PEMBUATAN,"PRODUK TEKSTIL, PAKAIAN, KULIT DAN KASUT",13131
PEMBUATAN,"PRODUK TEKSTIL, PAKAIAN, KULIT DAN KASUT",13132
PEMBUATAN,"PRODUK TEKSTIL, PAKAIAN, KULIT DAN KASUT",13910
PEMBUATAN,"PRODUK TEKSTIL, PAKAIAN, KULIT DAN KASUT",13921
PEMBUATAN,"PRODUK TEKSTIL, PAKAIAN, KULIT DAN KASUT",13922
PEMBUATAN,"PRODUK TEKSTIL, PAKAIAN, KULIT DAN KASUT",13930
PEMBUATAN,"PRODUK TEKSTIL, PAKAIAN, KULIT DAN KASUT",13940
PEMBUATAN,"PRODUK TEKSTIL, PAKAIAN, KULIT DAN KASUT",13990
PEMBUATAN,"PRODUK TEKSTIL, PAKAIAN, KULIT DAN KASUT",14101
PEMBUATAN,"PRODUK TEKSTIL, PAKAIAN, KULIT DAN KASUT",14102
PEMBUATAN,"PRODUK TEKSTIL, PAKAIAN, KULIT DAN KASUT",14103
PEMBUATAN,"PRODUK TEKSTIL, PAKAIAN, KULIT DAN KASUT",14109
PEMBUATAN,"PRODUK TEKSTIL, PAKAIAN, KULIT DAN KASUT",14200
PEMBUATAN,"PRODUK TEKSTIL, PAKAIAN, KULIT DAN KASUT",14300
PEMBUATAN,"PRODUK TEKSTIL, PAKAIAN, KULIT DAN KASUT",15110
PEMBUATAN,"PRODUK TEKSTIL, PAKAIAN, KULIT DAN KASUT",15120
PEMBUATAN,"PRODUK TEKSTIL, PAKAIAN, KULIT DAN KASUT",15201
PEMBUATAN,"PRODUK TEKSTIL, PAKAIAN, KULIT DAN KASUT",15202
PEMBUATAN,"PRODUK TEKSTIL, PAKAIAN, KULIT DAN KASUT",15203
PEMBUATAN,"PRODUK TEKSTIL, PAKAIAN, KULIT DAN KASUT",15209
PERKHIDMATAN,"BEKALAN AIR; PEMBETUNGAN, PENGURUSAN SISA & AKTIVITI PEMULIHAN",36001
PERKHIDMATAN,"BEKALAN AIR; PEMBETUNGAN, PENGURUSAN SISA & AKTIVITI PEMULIHAN",36002
PERKHIDMATAN,"BEKALAN AIR; PEMBETUNGAN, PENGURUSAN SISA & AKTIVITI PEMULIHAN",37000
PERKHIDMATAN,"BEKALAN AIR; PEMBETUNGAN, PENGURUSAN SISA & AKTIVITI PEMULIHAN",38111
PERKHIDMATAN,"BEKALAN AIR; PEMBETUNGAN, PENGURUSAN SISA & AKTIVITI PEMULIHAN",38112
PERKHIDMATAN,"BEKALAN AIR; PEMBETUNGAN, PENGURUSAN SISA & AKTIVITI PEMULIHAN",38113
PERKHIDMATAN,"BEKALAN AIR; PEMBETUNGAN, PENGURUSAN SISA & AKTIVITI PEMULIHAN",38114
PERKHIDMATAN,"BEKALAN AIR; PEMBETUNGAN, PENGURUSAN SISA & AKTIVITI PEMULIHAN",38115
PERKHIDMATAN,"BEKALAN AIR; PEMBETUNGAN, PENGURUSAN SISA & AKTIVITI PEMULIHAN",38121
PERKHIDMATAN,"BEKALAN AIR; PEMBETUNGAN, PENGURUSAN SISA & AKTIVITI PEMULIHAN",38210
PERKHIDMATAN,"BEKALAN AIR; PEMBETUNGAN, PENGURUSAN SISA & AKTIVITI PEMULIHAN",38220
PERKHIDMATAN,"BEKALAN AIR; PEMBETUNGAN, PENGURUSAN SISA & AKTIVITI PEMULIHAN",38301
PERKHIDMATAN,"BEKALAN AIR; PEMBETUNGAN, PENGURUSAN SISA & AKTIVITI PEMULIHAN",38302
PERKHIDMATAN,"BEKALAN AIR; PEMBETUNGAN, PENGURUSAN SISA & AKTIVITI PEMULIHAN",38303
PERKHIDMATAN,"BEKALAN AIR; PEMBETUNGAN, PENGURUSAN SISA & AKTIVITI PEMULIHAN",38309
PERKHIDMATAN,"BEKALAN AIR; PEMBETUNGAN, PENGURUSAN SISA & AKTIVITI PEMULIHAN",39000
PERKHIDMATAN,"BEKALAN ELEKTRIK, GAS, WAP DAN PENDINGIN UDARA",35101
PERKHIDMATAN,"BEKALAN ELEKTRIK, GAS, WAP DAN PENDINGIN UDARA",35102
PERKHIDMATAN,"BEKALAN ELEKTRIK, GAS, WAP DAN PENDINGIN UDARA",35201
PERKHIDMATAN,"BEKALAN ELEKTRIK, GAS, WAP DAN PENDINGIN UDARA",35202
PERKHIDMATAN,"BEKALAN ELEKTRIK, GAS, WAP DAN PENDINGIN UDARA",35203
PERKHIDMATAN,"BEKALAN ELEKTRIK, GAS, WAP DAN PENDINGIN UDARA",35301
PERKHIDMATAN,"BEKALAN ELEKTRIK, GAS, WAP DAN PENDINGIN UDARA",35302
PERKHIDMATAN,"BEKALAN ELEKTRIK, GAS, WAP DAN PENDINGIN UDARA",35303
PERKHIDMATAN,HARTANAH,68101
PERKHIDMATAN,HARTANAH,68102
PERKHIDMATAN,HARTANAH,68103
PERKHIDMATAN,HARTANAH,68104
PERKHIDMATAN,HARTANAH,68109
PERKHIDMATAN,HARTANAH,68201
PERKHIDMATAN,HARTANAH,68202
PERKHIDMATAN,HARTANAH,68203
PERKHIDMATAN,HARTANAH,68209
PERKHIDMATAN,"KESENIAN, HIBURAN & REKREASI",90001
PERKHIDMATAN,"KESENIAN, HIBURAN & REKREASI",90002
PERKHIDMATAN,"KESENIAN, HIBURAN & REKREASI",90003
PERKHIDMATAN,"KESENIAN, HIBURAN & REKREASI",90004
PERKHIDMATAN,"KESENIAN, HIBURAN & REKREASI",90005
PERKHIDMATAN,"KESENIAN, HIBURAN & REKREASI",90006
PERKHIDMATAN,"KESENIAN, HIBURAN & REKREASI",90007
PERKHIDMATAN,"KESENIAN, HIBURAN & REKREASI",90009
PERKHIDMATAN,"KESENIAN, HIBURAN & REKREASI",91011
PERKHIDMATAN,"KESENIAN, HIBURAN & REKREASI",91012
PERKHIDMATAN,"KESENIAN, HIBURAN & REKREASI",91021
PERKHIDMATAN,"KESENIAN, HIBURAN & REKREASI",91022
PERKHIDMATAN,"KESENIAN, HIBURAN & REKREASI",91031
PERKHIDMATAN,"KESENIAN, HIBURAN & REKREASI",91032
PERKHIDMATAN,"KESENIAN, HIBURAN & REKREASI",92000
PERKHIDMATAN,"KESENIAN, HIBURAN & REKREASI",93111
PERKHIDMATAN,"KESENIAN, HIBURAN & REKREASI",93112
PERKHIDMATAN,"KESENIAN, HIBURAN & REKREASI",93113
PERKHIDMATAN,"KESENIAN, HIBURAN & REKREASI",93114
PERKHIDMATAN,"KESENIAN, HIBURAN & REKREASI",93115
PERKHIDMATAN,"KESENIAN, HIBURAN & REKREASI",93116
PERKHIDMATAN,"KESENIAN, HIBURAN & REKREASI",93117
PERKHIDMATAN,"KESENIAN, HIBURAN & REKREASI",93118
PERKHIDMATAN,"KESENIAN, HIBURAN & REKREASI",93119
PERKHIDMATAN,"KESENIAN, HIBURAN & REKREASI",93120
PERKHIDMATAN,"KESENIAN, HIBURAN & REKREASI",93191
PERKHIDMATAN,"KESENIAN, HIBURAN & REKREASI",93192
PERKHIDMATAN,"KESENIAN, HIBURAN & REKREASI",93193
PERKHIDMATAN,"KESENIAN, HIBURAN & REKREASI",93199
PERKHIDMATAN,"KESENIAN, HIBURAN & REKREASI",93210
PERKHIDMATAN,"KESENIAN, HIBURAN & REKREASI",93291
PERKHIDMATAN,"KESENIAN, HIBURAN & REKREASI",93292
PERKHIDMATAN,"KESENIAN, HIBURAN & REKREASI",93293
PERKHIDMATAN,"KESENIAN, HIBURAN & REKREASI",93294
PERKHIDMATAN,"KESENIAN, HIBURAN & REKREASI",93295
PERKHIDMATAN,"KESENIAN, HIBURAN & REKREASI",93296
PERKHIDMATAN,"KESENIAN, HIBURAN & REKREASI",93297
PERKHIDMATAN,"KESENIAN, HIBURAN & REKREASI",93299
PERKHIDMATAN,KESIHATAN SWASTA & KERJA SOSIAL,86101
PERKHIDMATAN,KESIHATAN SWASTA & KERJA SOSIAL,86102
PERKHIDMATAN,KESIHATAN SWASTA & KERJA SOSIAL,86201
PERKHIDMATAN,KESIHATAN SWASTA & KERJA SOSIAL,86202
PERKHIDMATAN,KESIHATAN SWASTA & KERJA SOSIAL,86203
PERKHIDMATAN,KESIHATAN SWASTA & KERJA SOSIAL,86901
PERKHIDMATAN,KESIHATAN SWASTA & KERJA SOSIAL,86902
PERKHIDMATAN,KESIHATAN SWASTA & KERJA SOSIAL,86903
PERKHIDMATAN,KESIHATAN SWASTA & KERJA SOSIAL,86904
PERKHIDMATAN,KESIHATAN SWASTA & KERJA SOSIAL,86905
PERKHIDMATAN,KESIHATAN SWASTA & KERJA SOSIAL,86906
PERKHIDMATAN,KESIHATAN SWASTA & KERJA SOSIAL,86909
PERKHIDMATAN,KESIHATAN SWASTA & KERJA SOSIAL,87101
PERKHIDMATAN,KESIHATAN SWASTA & KERJA SOSIAL,87102
PERKHIDMATAN,KESIHATAN SWASTA & KERJA SOSIAL,87103
PERKHIDMATAN,KESIHATAN SWASTA & KERJA SOSIAL,87201
PERKHIDMATAN,KESIHATAN SWASTA & KERJA SOSIAL,87209
PERKHIDMATAN,KESIHATAN SWASTA & KERJA SOSIAL,87300
PERKHIDMATAN,KESIHATAN SWASTA & KERJA SOSIAL,87901
PERKHIDMATAN,KESIHATAN SWASTA & KERJA SOSIAL,87902
PERKHIDMATAN,KESIHATAN SWASTA & KERJA SOSIAL,87909
PERKHIDMATAN,KESIHATAN SWASTA & KERJA SOSIAL,88101
PERKHIDMATAN,KESIHATAN SWASTA & KERJA SOSIAL,88109
PERKHIDMATAN,KESIHATAN SWASTA & KERJA SOSIAL,88901
PERKHIDMATAN,KESIHATAN SWASTA & KERJA SOSIAL,88902
PERKHIDMATAN,KESIHATAN SWASTA & KERJA SOSIAL,88909
PERKHIDMATAN,KEWANGAN,64110
PERKHIDMATAN,KEWANGAN,64191
PERKHIDMATAN,KEWANGAN,64192
PERKHIDMATAN,KEWANGAN,64193
PERKHIDMATAN,KEWANGAN,64194
PERKHIDMATAN,KEWANGAN,64195
PERKHIDMATAN,KEWANGAN,64200
PERKHIDMATAN,KEWANGAN,64301
PERKHIDMATAN,KEWANGAN,64303
PERKHIDMATAN,KEWANGAN,64304
PERKHIDMATAN,KEWANGAN,64309
PERKHIDMATAN,KEWANGAN,64910
PERKHIDMATAN,KEWANGAN,64921
PERKHIDMATAN,KEWANGAN,64922
PERKHIDMATAN,KEWANGAN,64923
PERKHIDMATAN,KEWANGAN,64924
PERKHIDMATAN,KEWANGAN,64925
PERKHIDMATAN,KEWANGAN,64929
PERKHIDMATAN,KEWANGAN,64991
PERKHIDMATAN,KEWANGAN,64992
PERKHIDMATAN,KEWANGAN,64993
PERKHIDMATAN,KEWANGAN,64999
PERKHIDMATAN,KEWANGAN,65111
PERKHIDMATAN,KEWANGAN,65112
PERKHIDMATAN,KEWANGAN,65121
PERKHIDMATAN,KEWANGAN,65122
PERKHIDMATAN,KEWANGAN,65124
PERKHIDMATAN,KEWANGAN,65201
PERKHIDMATAN,KEWANGAN,65203
PERKHIDMATAN,KEWANGAN,65205
PERKHIDMATAN,KEWANGAN,65206
PERKHIDMATAN,KEWANGAN,65301
PERKHIDMATAN,KEWANGAN,65302
PERKHIDMATAN,KEWANGAN,66111
PERKHIDMATAN,KEWANGAN,66113
PERKHIDMATAN,KEWANGAN,66119
PERKHIDMATAN,KEWANGAN,66121
PERKHIDMATAN,KEWANGAN,66122
PERKHIDMATAN,KEWANGAN,66123
PERKHIDMATAN,KEWANGAN,66124
PERKHIDMATAN,KEWANGAN,66125
PERKHIDMATAN,KEWANGAN,66191
PERKHIDMATAN,KEWANGAN,66192
PERKHIDMATAN,KEWANGAN,66199
PERKHIDMATAN,KEWANGAN,66211
PERKHIDMATAN,KEWANGAN,66223
PERKHIDMATAN,KEWANGAN,66224
PERKHIDMATAN,KEWANGAN,66302
PERKHIDMATAN,KEWANGAN,66303
PERKHIDMATAN,MAKLUMAT & KOMUNIKASI,58110
PERKHIDMATAN,MAKLUMAT & KOMUNIKASI,58120
PERKHIDMATAN,MAKLUMAT & KOMUNIKASI,58130
PERKHIDMATAN,MAKLUMAT & KOMUNIKASI,58190
PERKHIDMATAN,MAKLUMAT & KOMUNIKASI,58201
PERKHIDMATAN,MAKLUMAT & KOMUNIKASI,58202
PERKHIDMATAN,MAKLUMAT & KOMUNIKASI,58203
PERKHIDMATAN,MAKLUMAT & KOMUNIKASI,59110
PERKHIDMATAN,MAKLUMAT & KOMUNIKASI,59120
PERKHIDMATAN,MAKLUMAT & KOMUNIKASI,59130
PERKHIDMATAN,MAKLUMAT & KOMUNIKASI,59140
PERKHIDMATAN,MAKLUMAT & KOMUNIKASI,59200
PERKHIDMATAN,MAKLUMAT & KOMUNIKASI,60100
PERKHIDMATAN,MAKLUMAT & KOMUNIKASI,60200
PERKHIDMATAN,MAKLUMAT & KOMUNIKASI,61101
PERKHIDMATAN,MAKLUMAT & KOMUNIKASI,61102
PERKHIDMATAN,MAKLUMAT & KOMUNIKASI,61201
PERKHIDMATAN,MAKLUMAT & KOMUNIKASI,61202
PERKHIDMATAN,MAKLUMAT & KOMUNIKASI,61300
PERKHIDMATAN,MAKLUMAT & KOMUNIKASI,61901
PERKHIDMATAN,MAKLUMAT & KOMUNIKASI,61902
PERKHIDMATAN,MAKLUMAT & KOMUNIKASI,61903
PERKHIDMATAN,MAKLUMAT & KOMUNIKASI,61904
PERKHIDMATAN,MAKLUMAT & KOMUNIKASI,61905
PERKHIDMATAN,MAKLUMAT & KOMUNIKASI,61909
PERKHIDMATAN,MAKLUMAT & KOMUNIKASI,62010
PERKHIDMATAN,MAKLUMAT & KOMUNIKASI,62021
PERKHIDMATAN,MAKLUMAT & KOMUNIKASI,62022
PERKHIDMATAN,MAKLUMAT & KOMUNIKASI,62091
PERKHIDMATAN,MAKLUMAT & KOMUNIKASI,62099
PERKHIDMATAN,MAKLUMAT & KOMUNIKASI,63111
PERKHIDMATAN,MAKLUMAT & KOMUNIKASI,63112
PERKHIDMATAN,MAKLUMAT & KOMUNIKASI,63120
PERKHIDMATAN,MAKLUMAT & KOMUNIKASI,63910
PERKHIDMATAN,MAKLUMAT & KOMUNIKASI,63990
PERKHIDMATAN,PENDIDIKAN SWASTA,85102
PERKHIDMATAN,PENDIDIKAN SWASTA,85104
PERKHIDMATAN,PENDIDIKAN SWASTA,85212
PERKHIDMATAN,PENDIDIKAN SWASTA,85222
PERKHIDMATAN,PENDIDIKAN SWASTA,85302
PERKHIDMATAN,PENDIDIKAN SWASTA,85411
PERKHIDMATAN,PENDIDIKAN SWASTA,85412
PERKHIDMATAN,PENDIDIKAN SWASTA,85419
PERKHIDMATAN,PENDIDIKAN SWASTA,85421
PERKHIDMATAN,PENDIDIKAN SWASTA,85429
PERKHIDMATAN,PENDIDIKAN SWASTA,85491
PERKHIDMATAN,PENDIDIKAN SWASTA,85492
PERKHIDMATAN,PENDIDIKAN SWASTA,85493
PERKHIDMATAN,PENDIDIKAN SWASTA,85494
PERKHIDMATAN,PENDIDIKAN SWASTA,85499
PERKHIDMATAN,PENDIDIKAN SWASTA,85500
PERKHIDMATAN,PENGANGKUTAN & PENYIMPANAN,49110
PERKHIDMATAN,PENGANGKUTAN & PENYIMPANAN,49120
PERKHIDMATAN,PENGANGKUTAN & PENYIMPANAN,49211
PERKHIDMATAN,PENGANGKUTAN & PENYIMPANAN,49212
PERKHIDMATAN,PENGANGKUTAN & PENYIMPANAN,49221
PERKHIDMATAN,PENGANGKUTAN & PENYIMPANAN,49222
PERKHIDMATAN,PENGANGKUTAN & PENYIMPANAN,49223
PERKHIDMATAN,PENGANGKUTAN & PENYIMPANAN,49224
PERKHIDMATAN,PENGANGKUTAN & PENYIMPANAN,49225
PERKHIDMATAN,PENGANGKUTAN & PENYIMPANAN,49229
PERKHIDMATAN,PENGANGKUTAN & PENYIMPANAN,49230
PERKHIDMATAN,PENGANGKUTAN & PENYIMPANAN,49300
PERKHIDMATAN,PENGANGKUTAN & PENYIMPANAN,50111
PERKHIDMATAN,PENGANGKUTAN & PENYIMPANAN,50112
PERKHIDMATAN,PENGANGKUTAN & PENYIMPANAN,50113
PERKHIDMATAN,PENGANGKUTAN & PENYIMPANAN,50121
PERKHIDMATAN,PENGANGKUTAN & PENYIMPANAN,50122
PERKHIDMATAN,PENGANGKUTAN & PENYIMPANAN,50211
PERKHIDMATAN,PENGANGKUTAN & PENYIMPANAN,50212
PERKHIDMATAN,PENGANGKUTAN & PENYIMPANAN,50220
PERKHIDMATAN,PENGANGKUTAN & PENYIMPANAN,51101
PERKHIDMATAN,PENGANGKUTAN & PENYIMPANAN,51102
PERKHIDMATAN,PENGANGKUTAN & PENYIMPANAN,51103
PERKHIDMATAN,PENGANGKUTAN & PENYIMPANAN,51201
PERKHIDMATAN,PENGANGKUTAN & PENYIMPANAN,51202
PERKHIDMATAN,PENGANGKUTAN & PENYIMPANAN,51203
PERKHIDMATAN,PENGANGKUTAN & PENYIMPANAN,52100
PERKHIDMATAN,PENGANGKUTAN & PENYIMPANAN,52211
PERKHIDMATAN,PENGANGKUTAN & PENYIMPANAN,52212
PERKHIDMATAN,PENGANGKUTAN & PENYIMPANAN,52213
PERKHIDMATAN,PENGANGKUTAN & PENYIMPANAN,52214
PERKHIDMATAN,PENGANGKUTAN & PENYIMPANAN,52219
PERKHIDMATAN,PENGANGKUTAN & PENYIMPANAN,52221
PERKHIDMATAN,PENGANGKUTAN & PENYIMPANAN,52222
PERKHIDMATAN,PENGANGKUTAN & PENYIMPANAN,52229
PERKHIDMATAN,PENGANGKUTAN & PENYIMPANAN,52231
PERKHIDMATAN,PENGANGKUTAN & PENYIMPANAN,52232
PERKHIDMATAN,PENGANGKUTAN & PENYIMPANAN,52233
PERKHIDMATAN,PENGANGKUTAN & PENYIMPANAN,52234
PERKHIDMATAN,PENGANGKUTAN & PENYIMPANAN,52239
PERKHIDMATAN,PENGANGKUTAN & PENYIMPANAN,52241
PERKHIDMATAN,PENGANGKUTAN & PENYIMPANAN,52249
PERKHIDMATAN,PENGANGKUTAN & PENYIMPANAN,52291
PERKHIDMATAN,PENGANGKUTAN & PENYIMPANAN,52292
PERKHIDMATAN,PENGANGKUTAN & PENYIMPANAN,52299
PERKHIDMATAN,PENGANGKUTAN & PENYIMPANAN,53100
PERKHIDMATAN,PENGANGKUTAN & PENYIMPANAN,53200
PERKHIDMATAN,PENGINAPAN,55101
PERKHIDMATAN,PENGINAPAN,55102
PERKHIDMATAN,PENGINAPAN,55103
PERKHIDMATAN,PENGINAPAN,55104
PERKHIDMATAN,PENGINAPAN,55105
PERKHIDMATAN,PENGINAPAN,55106
PERKHIDMATAN,PENGINAPAN,55107
PERKHIDMATAN,PENGINAPAN,55108
PERKHIDMATAN,PENGINAPAN,55109
PERKHIDMATAN,PENGINAPAN,55200
PERKHIDMATAN,PENGINAPAN,55900
PERKHIDMATAN,PENTADBIRAN & KHIDMAT SOKONGAN,77101
PERKHIDMATAN,PENTADBIRAN & KHIDMAT SOKONGAN,77102
PERKHIDMATAN,PENTADBIRAN & KHIDMAT SOKONGAN,77211
PERKHIDMATAN,PENTADBIRAN & KHIDMAT SOKONGAN,77212
PERKHIDMATAN,PENTADBIRAN & KHIDMAT SOKONGAN,77213
PERKHIDMATAN,PENTADBIRAN & KHIDMAT SOKONGAN,77219
PERKHIDMATAN,PENTADBIRAN & KHIDMAT SOKONGAN,77220
PERKHIDMATAN,PENTADBIRAN & KHIDMAT SOKONGAN,77291
PERKHIDMATAN,PENTADBIRAN & KHIDMAT SOKONGAN,77292
PERKHIDMATAN,PENTADBIRAN & KHIDMAT SOKONGAN,77293
PERKHIDMATAN,PENTADBIRAN & KHIDMAT SOKONGAN,77294
PERKHIDMATAN,PENTADBIRAN & KHIDMAT SOKONGAN,77295
PERKHIDMATAN,PENTADBIRAN & KHIDMAT SOKONGAN,77296
PERKHIDMATAN,PENTADBIRAN & KHIDMAT SOKONGAN,77297
PERKHIDMATAN,PENTADBIRAN & KHIDMAT SOKONGAN,77299
PERKHIDMATAN,PENTADBIRAN & KHIDMAT SOKONGAN,77301
PERKHIDMATAN,PENTADBIRAN & KHIDMAT SOKONGAN,77302
PERKHIDMATAN,PENTADBIRAN & KHIDMAT SOKONGAN,77303
PERKHIDMATAN,PENTADBIRAN & KHIDMAT SOKONGAN,77304
PERKHIDMATAN,PENTADBIRAN & KHIDMAT SOKONGAN,77305
PERKHIDMATAN,PENTADBIRAN & KHIDMAT SOKONGAN,77306
PERKHIDMATAN,PENTADBIRAN & KHIDMAT SOKONGAN,77307
PERKHIDMATAN,PENTADBIRAN & KHIDMAT SOKONGAN,77309
PERKHIDMATAN,PENTADBIRAN & KHIDMAT SOKONGAN,77400
PERKHIDMATAN,PENTADBIRAN & KHIDMAT SOKONGAN,78100
PERKHIDMATAN,PENTADBIRAN & KHIDMAT SOKONGAN,78200
PERKHIDMATAN,PENTADBIRAN & KHIDMAT SOKONGAN,78300
PERKHIDMATAN,PENTADBIRAN & KHIDMAT SOKONGAN,79110
PERKHIDMATAN,PENTADBIRAN & KHIDMAT SOKONGAN,79120
PERKHIDMATAN,PENTADBIRAN & KHIDMAT SOKONGAN,79900
PERKHIDMATAN,PENTADBIRAN & KHIDMAT SOKONGAN,80100
PERKHIDMATAN,PENTADBIRAN & KHIDMAT SOKONGAN,80200
PERKHIDMATAN,PENTADBIRAN & KHIDMAT SOKONGAN,80300
PERKHIDMATAN,PENTADBIRAN & KHIDMAT SOKONGAN,81100
PERKHIDMATAN,PENTADBIRAN & KHIDMAT SOKONGAN,81210
PERKHIDMATAN,PENTADBIRAN & KHIDMAT SOKONGAN,81291
PERKHIDMATAN,PENTADBIRAN & KHIDMAT SOKONGAN,81292
PERKHIDMATAN,PENTADBIRAN & KHIDMAT SOKONGAN,81293
PERKHIDMATAN,PENTADBIRAN & KHIDMAT SOKONGAN,81294
PERKHIDMATAN,PENTADBIRAN & KHIDMAT SOKONGAN,81295
PERKHIDMATAN,PENTADBIRAN & KHIDMAT SOKONGAN,81296
PERKHIDMATAN,PENTADBIRAN & KHIDMAT SOKONGAN,81297
PERKHIDMATAN,PENTADBIRAN & KHIDMAT SOKONGAN,81299
PERKHIDMATAN,PENTADBIRAN & KHIDMAT SOKONGAN,81300
PERKHIDMATAN,PENTADBIRAN & KHIDMAT SOKONGAN,82110
PERKHIDMATAN,PENTADBIRAN & KHIDMAT SOKONGAN,82191
PERKHIDMATAN,PENTADBIRAN & KHIDMAT SOKONGAN,82192
PERKHIDMATAN,PENTADBIRAN & KHIDMAT SOKONGAN,82193
PERKHIDMATAN,PENTADBIRAN & KHIDMAT SOKONGAN,82194
PERKHIDMATAN,PENTADBIRAN & KHIDMAT SOKONGAN,82195
PERKHIDMATAN,PENTADBIRAN & KHIDMAT SOKONGAN,82196
PERKHIDMATAN,PENTADBIRAN & KHIDMAT SOKONGAN,82199
PERKHIDMATAN,PENTADBIRAN & KHIDMAT SOKONGAN,82200
PERKHIDMATAN,PENTADBIRAN & KHIDMAT SOKONGAN,82301
PERKHIDMATAN,PENTADBIRAN & KHIDMAT SOKONGAN,82302
PERKHIDMATAN,PENTADBIRAN & KHIDMAT SOKONGAN,82910
PERKHIDMATAN,PENTADBIRAN & KHIDMAT SOKONGAN,82920
PERKHIDMATAN,PENTADBIRAN & KHIDMAT SOKONGAN,82990
PERKHIDMATAN,PERDAGANGAN BORONG & RUNCIT,45101
PERKHIDMATAN,PERDAGANGAN BORONG & RUNCIT,45102
PERKHIDMATAN,PERDAGANGAN BORONG & RUNCIT,45103
PERKHIDMATAN,PERDAGANGAN BORONG & RUNCIT,45104
PERKHIDMATAN,PERDAGANGAN BORONG & RUNCIT,45105
PERKHIDMATAN,PERDAGANGAN BORONG & RUNCIT,45106
PERKHIDMATAN,PERDAGANGAN BORONG & RUNCIT,45109
PERKHIDMATAN,PERDAGANGAN BORONG & RUNCIT,45201
PERKHIDMATAN,PERDAGANGAN BORONG & RUNCIT,45202
PERKHIDMATAN,PERDAGANGAN BORONG & RUNCIT,45203
PERKHIDMATAN,PERDAGANGAN BORONG & RUNCIT,45204
PERKHIDMATAN,PERDAGANGAN BORONG & RUNCIT,45205
PERKHIDMATAN,PERDAGANGAN BORONG & RUNCIT,45300
PERKHIDMATAN,PERDAGANGAN BORONG & RUNCIT,45401
PERKHIDMATAN,PERDAGANGAN BORONG & RUNCIT,45402
PERKHIDMATAN,PERDAGANGAN BORONG & RUNCIT,45403
PERKHIDMATAN,PERDAGANGAN BORONG & RUNCIT,46100
PERKHIDMATAN,PERDAGANGAN BORONG & RUNCIT,46201
PERKHIDMATAN,PERDAGANGAN BORONG & RUNCIT,46202
PERKHIDMATAN,PERDAGANGAN BORONG & RUNCIT,46203
PERKHIDMATAN,PERDAGANGAN BORONG & RUNCIT,46204
PERKHIDMATAN,PERDAGANGAN BORONG & RUNCIT,46205
PERKHIDMATAN,PERDAGANGAN BORONG & RUNCIT,46209
PERKHIDMATAN,PERDAGANGAN BORONG & RUNCIT,46311
PERKHIDMATAN,PERDAGANGAN BORONG & RUNCIT,46312
PERKHIDMATAN,PERDAGANGAN BORONG & RUNCIT,46313
PERKHIDMATAN,PERDAGANGAN BORONG & RUNCIT,46314
PERKHIDMATAN,PERDAGANGAN BORONG & RUNCIT,46319
PERKHIDMATAN,PERDAGANGAN BORONG & RUNCIT,46321
PERKHIDMATAN,PERDAGANGAN BORONG & RUNCIT,46322
PERKHIDMATAN,PERDAGANGAN BORONG & RUNCIT,46323
PERKHIDMATAN,PERDAGANGAN BORONG & RUNCIT,46324
PERKHIDMATAN,PERDAGANGAN BORONG & RUNCIT,46325
PERKHIDMATAN,PERDAGANGAN BORONG & RUNCIT,46326
PERKHIDMATAN,PERDAGANGAN BORONG & RUNCIT,46327
PERKHIDMATAN,PERDAGANGAN BORONG & RUNCIT,46329
PERKHIDMATAN,PERDAGANGAN BORONG & RUNCIT,46411
PERKHIDMATAN,PERDAGANGAN BORONG & RUNCIT,46412
PERKHIDMATAN,PERDAGANGAN BORONG & RUNCIT,46413
PERKHIDMATAN,PERDAGANGAN BORONG & RUNCIT,46414
PERKHIDMATAN,PERDAGANGAN BORONG & RUNCIT,46415
PERKHIDMATAN,PERDAGANGAN BORONG & RUNCIT,46416
PERKHIDMATAN,PERDAGANGAN BORONG & RUNCIT,46417
PERKHIDMATAN,PERDAGANGAN BORONG & RUNCIT,46419
PERKHIDMATAN,PERDAGANGAN BORONG & RUNCIT,46421
PERKHIDMATAN,PERDAGANGAN BORONG & RUNCIT,46422
PERKHIDMATAN,PERDAGANGAN BORONG & RUNCIT,46431
PERKHIDMATAN,PERDAGANGAN BORONG & RUNCIT,46432
PERKHIDMATAN,PERDAGANGAN BORONG & RUNCIT,46433
PERKHIDMATAN,PERDAGANGAN BORONG & RUNCIT,46434
PERKHIDMATAN,PERDAGANGAN BORONG & RUNCIT,46441
PERKHIDMATAN,PERDAGANGAN BORONG & RUNCIT,46442
PERKHIDMATAN,PERDAGANGAN BORONG & RUNCIT,46443
PERKHIDMATAN,PERDAGANGAN BORONG & RUNCIT,46444
PERKHIDMATAN,PERDAGANGAN BORONG & RUNCIT,46491
PERKHIDMATAN,PERDAGANGAN BORONG & RUNCIT,46492
PERKHIDMATAN,PERDAGANGAN BORONG & RUNCIT,46493
PERKHIDMATAN,PERDAGANGAN BORONG & RUNCIT,46494
PERKHIDMATAN,PERDAGANGAN BORONG & RUNCIT,46495
PERKHIDMATAN,PERDAGANGAN BORONG & RUNCIT,46496
PERKHIDMATAN,PERDAGANGAN BORONG & RUNCIT,46497
PERKHIDMATAN,PERDAGANGAN BORONG & RUNCIT,46499
PERKHIDMATAN,PERDAGANGAN BORONG & RUNCIT,46510
PERKHIDMATAN,PERDAGANGAN BORONG & RUNCIT,46521
PERKHIDMATAN,PERDAGANGAN BORONG & RUNCIT,46522
PERKHIDMATAN,PERDAGANGAN BORONG & RUNCIT,46531
PERKHIDMATAN,PERDAGANGAN BORONG & RUNCIT,46532
PERKHIDMATAN,PERDAGANGAN BORONG & RUNCIT,46591
PERKHIDMATAN,PERDAGANGAN BORONG & RUNCIT,46592
PERKHIDMATAN,PERDAGANGAN BORONG & RUNCIT,46593
PERKHIDMATAN,PERDAGANGAN BORONG & RUNCIT,46594
PERKHIDMATAN,PERDAGANGAN BORONG & RUNCIT,46595
PERKHIDMATAN,PERDAGANGAN BORONG & RUNCIT,46596
PERKHIDMATAN,PERDAGANGAN BORONG & RUNCIT,46599
PERKHIDMATAN,PERDAGANGAN BORONG & RUNCIT,46611
PERKHIDMATAN,PERDAGANGAN BORONG & RUNCIT,46612
PERKHIDMATAN,PERDAGANGAN BORONG & RUNCIT,46619
PERKHIDMATAN,PERDAGANGAN BORONG & RUNCIT,46621
PERKHIDMATAN,PERDAGANGAN BORONG & RUNCIT,46622
PERKHIDMATAN,PERDAGANGAN BORONG & RUNCIT,46631
PERKHIDMATAN,PERDAGANGAN BORONG & RUNCIT,46632
PERKHIDMATAN,PERDAGANGAN BORONG & RUNCIT,46633
PERKHIDMATAN,PERDAGANGAN BORONG & RUNCIT,46634
PERKHIDMATAN,PERDAGANGAN BORONG & RUNCIT,46635
PERKHIDMATAN,PERDAGANGAN BORONG & RUNCIT,46636
PERKHIDMATAN,PERDAGANGAN BORONG & RUNCIT,46637
PERKHIDMATAN,PERDAGANGAN BORONG & RUNCIT,46639
PERKHIDMATAN,PERDAGANGAN BORONG & RUNCIT,46691
PERKHIDMATAN,PERDAGANGAN BORONG & RUNCIT,46692
PERKHIDMATAN,PERDAGANGAN BORONG & RUNCIT,46693
PERKHIDMATAN,PERDAGANGAN BORONG & RUNCIT,46694
PERKHIDMATAN,PERDAGANGAN BORONG & RUNCIT,46695
PERKHIDMATAN,PERDAGANGAN BORONG & RUNCIT,46696
PERKHIDMATAN,PERDAGANGAN BORONG & RUNCIT,46697
PERKHIDMATAN,PERDAGANGAN BORONG & RUNCIT,46698
PERKHIDMATAN,PERDAGANGAN BORONG & RUNCIT,46699
PERKHIDMATAN,PERDAGANGAN BORONG & RUNCIT,46901
PERKHIDMATAN,PERDAGANGAN BORONG & RUNCIT,46902
PERKHIDMATAN,PERDAGANGAN BORONG & RUNCIT,46909
PERKHIDMATAN,PERDAGANGAN BORONG & RUNCIT,47111
PERKHIDMATAN,PERDAGANGAN BORONG & RUNCIT,47112
PERKHIDMATAN,PERDAGANGAN BORONG & RUNCIT,47113
PERKHIDMATAN,PERDAGANGAN BORONG & RUNCIT,47114
PERKHIDMATAN,PERDAGANGAN BORONG & RUNCIT,47191
PERKHIDMATAN,PERDAGANGAN BORONG & RUNCIT,47192
PERKHIDMATAN,PERDAGANGAN BORONG & RUNCIT,47193
PERKHIDMATAN,PERDAGANGAN BORONG & RUNCIT,47194
PERKHIDMATAN,PERDAGANGAN BORONG & RUNCIT,47199
PERKHIDMATAN,PERDAGANGAN BORONG & RUNCIT,47211
PERKHIDMATAN,PERDAGANGAN BORONG & RUNCIT,47212
PERKHIDMATAN,PERDAGANGAN BORONG & RUNCIT,47213
PERKHIDMATAN,PERDAGANGAN BORONG & RUNCIT,47214
PERKHIDMATAN,PERDAGANGAN BORONG & RUNCIT,47215
PERKHIDMATAN,PERDAGANGAN BORONG & RUNCIT,47216
PERKHIDMATAN,PERDAGANGAN BORONG & RUNCIT,47217
PERKHIDMATAN,PERDAGANGAN BORONG & RUNCIT,47219
PERKHIDMATAN,PERDAGANGAN BORONG & RUNCIT,47221
PERKHIDMATAN,PERDAGANGAN BORONG & RUNCIT,47222
PERKHIDMATAN,PERDAGANGAN BORONG & RUNCIT,47230
PERKHIDMATAN,PERDAGANGAN BORONG & RUNCIT,47300
PERKHIDMATAN,PERDAGANGAN BORONG & RUNCIT,47411
PERKHIDMATAN,PERDAGANGAN BORONG & RUNCIT,47412
PERKHIDMATAN,PERDAGANGAN BORONG & RUNCIT,47413
PERKHIDMATAN,PERDAGANGAN BORONG & RUNCIT,47420
PERKHIDMATAN,PERDAGANGAN BORONG & RUNCIT,47510
PERKHIDMATAN,PERDAGANGAN BORONG & RUNCIT,47520
PERKHIDMATAN,PERDAGANGAN BORONG & RUNCIT,47531
PERKHIDMATAN,PERDAGANGAN BORONG & RUNCIT,47532
PERKHIDMATAN,PERDAGANGAN BORONG & RUNCIT,47533
PERKHIDMATAN,PERDAGANGAN BORONG & RUNCIT,47591
PERKHIDMATAN,PERDAGANGAN BORONG & RUNCIT,47592
PERKHIDMATAN,PERDAGANGAN BORONG & RUNCIT,47593
PERKHIDMATAN,PERDAGANGAN BORONG & RUNCIT,47594
PERKHIDMATAN,PERDAGANGAN BORONG & RUNCIT,47595
PERKHIDMATAN,PERDAGANGAN BORONG & RUNCIT,47596
PERKHIDMATAN,PERDAGANGAN BORONG & RUNCIT,47597
PERKHIDMATAN,PERDAGANGAN BORONG & RUNCIT,47598
PERKHIDMATAN,PERDAGANGAN BORONG & RUNCIT,47611
PERKHIDMATAN,PERDAGANGAN BORONG & RUNCIT,47612
PERKHIDMATAN,PERDAGANGAN BORONG & RUNCIT,47620
PERKHIDMATAN,PERDAGANGAN BORONG & RUNCIT,47631
PERKHIDMATAN,PERDAGANGAN BORONG & RUNCIT,47632
PERKHIDMATAN,PERDAGANGAN BORONG & RUNCIT,47633
PERKHIDMATAN,PERDAGANGAN BORONG & RUNCIT,47634
PERKHIDMATAN,PERDAGANGAN BORONG & RUNCIT,47635
PERKHIDMATAN,PERDAGANGAN BORONG & RUNCIT,47640
PERKHIDMATAN,PERDAGANGAN BORONG & RUNCIT,47711
PERKHIDMATAN,PERDAGANGAN BORONG & RUNCIT,47712
PERKHIDMATAN,PERDAGANGAN BORONG & RUNCIT,47713
PERKHIDMATAN,PERDAGANGAN BORONG & RUNCIT,47721
PERKHIDMATAN,PERDAGANGAN BORONG & RUNCIT,47722
PERKHIDMATAN,PERDAGANGAN BORONG & RUNCIT,47731
PERKHIDMATAN,PERDAGANGAN BORONG & RUNCIT,47732
PERKHIDMATAN,PERDAGANGAN BORONG & RUNCIT,47733
PERKHIDMATAN,PERDAGANGAN BORONG & RUNCIT,47734
PERKHIDMATAN,PERDAGANGAN BORONG & RUNCIT,47735
PERKHIDMATAN,PERDAGANGAN BORONG & RUNCIT,47736
PERKHIDMATAN,PERDAGANGAN BORONG & RUNCIT,47737
PERKHIDMATAN,PERDAGANGAN BORONG & RUNCIT,47738
PERKHIDMATAN,PERDAGANGAN BORONG & RUNCIT,47739
PERKHIDMATAN,PERDAGANGAN BORONG & RUNCIT,47741
PERKHIDMATAN,PERDAGANGAN BORONG & RUNCIT,47742
PERKHIDMATAN,PERDAGANGAN BORONG & RUNCIT,47743
PERKHIDMATAN,PERDAGANGAN BORONG & RUNCIT,47744
PERKHIDMATAN,PERDAGANGAN BORONG & RUNCIT,47749
PERKHIDMATAN,PERDAGANGAN BORONG & RUNCIT,47810
PERKHIDMATAN,PERDAGANGAN BORONG & RUNCIT,47820
PERKHIDMATAN,PERDAGANGAN BORONG & RUNCIT,47891
PERKHIDMATAN,PERDAGANGAN BORONG & RUNCIT,47892
PERKHIDMATAN,PERDAGANGAN BORONG & RUNCIT,47893
PERKHIDMATAN,PERDAGANGAN BORONG & RUNCIT,47894
PERKHIDMATAN,PERDAGANGAN BORONG & RUNCIT,47895
PERKHIDMATAN,PERDAGANGAN BORONG & RUNCIT,47911
PERKHIDMATAN,PERDAGANGAN BORONG & RUNCIT,47912
PERKHIDMATAN,PERDAGANGAN BORONG & RUNCIT,47913
PERKHIDMATAN,PERDAGANGAN BORONG & RUNCIT,47914
PERKHIDMATAN,PERDAGANGAN BORONG & RUNCIT,47991
PERKHIDMATAN,PERDAGANGAN BORONG & RUNCIT,47992
PERKHIDMATAN,PERDAGANGAN BORONG & RUNCIT,47999
PERKHIDMATAN,PERKHIDMATAN MAKANAN & MINUMAN,56101
PERKHIDMATAN,PERKHIDMATAN MAKANAN & MINUMAN,56102
PERKHIDMATAN,PERKHIDMATAN MAKANAN & MINUMAN,56103
PERKHIDMATAN,PERKHIDMATAN MAKANAN & MINUMAN,56104
PERKHIDMATAN,PERKHIDMATAN MAKANAN & MINUMAN,56105
PERKHIDMATAN,PERKHIDMATAN MAKANAN & MINUMAN,56106
PERKHIDMATAN,PERKHIDMATAN MAKANAN & MINUMAN,56107
PERKHIDMATAN,PERKHIDMATAN MAKANAN & MINUMAN,56210
PERKHIDMATAN,PERKHIDMATAN MAKANAN & MINUMAN,56290
PERKHIDMATAN,PERKHIDMATAN MAKANAN & MINUMAN,56301
PERKHIDMATAN,PERKHIDMATAN MAKANAN & MINUMAN,56302
PERKHIDMATAN,PERKHIDMATAN MAKANAN & MINUMAN,56303
PERKHIDMATAN,PERKHIDMATAN MAKANAN & MINUMAN,56304
PERKHIDMATAN,PERKHIDMATAN MAKANAN & MINUMAN,56309
PERKHIDMATAN,PERKHIDMATAN PERSENDIRIAN & LAIN-LAIN AKTIVITI,94110
PERKHIDMATAN,PERKHIDMATAN PERSENDIRIAN & LAIN-LAIN AKTIVITI,94120
PERKHIDMATAN,PERKHIDMATAN PERSENDIRIAN & LAIN-LAIN AKTIVITI,94200
PERKHIDMATAN,PERKHIDMATAN PERSENDIRIAN & LAIN-LAIN AKTIVITI,94910
PERKHIDMATAN,PERKHIDMATAN PERSENDIRIAN & LAIN-LAIN AKTIVITI,94920
PERKHIDMATAN,PERKHIDMATAN PERSENDIRIAN & LAIN-LAIN AKTIVITI,94990
PERKHIDMATAN,PERKHIDMATAN PERSENDIRIAN & LAIN-LAIN AKTIVITI,95111
PERKHIDMATAN,PERKHIDMATAN PERSENDIRIAN & LAIN-LAIN AKTIVITI,95112
PERKHIDMATAN,PERKHIDMATAN PERSENDIRIAN & LAIN-LAIN AKTIVITI,95113
PERKHIDMATAN,PERKHIDMATAN PERSENDIRIAN & LAIN-LAIN AKTIVITI,95121
PERKHIDMATAN,PERKHIDMATAN PERSENDIRIAN & LAIN-LAIN AKTIVITI,95122
PERKHIDMATAN,PERKHIDMATAN PERSENDIRIAN & LAIN-LAIN AKTIVITI,95123
PERKHIDMATAN,PERKHIDMATAN PERSENDIRIAN & LAIN-LAIN AKTIVITI,95124
PERKHIDMATAN,PERKHIDMATAN PERSENDIRIAN & LAIN-LAIN AKTIVITI,95125
PERKHIDMATAN,PERKHIDMATAN PERSENDIRIAN & LAIN-LAIN AKTIVITI,95126
PERKHIDMATAN,PERKHIDMATAN PERSENDIRIAN & LAIN-LAIN AKTIVITI,95127
PERKHIDMATAN,PERKHIDMATAN PERSENDIRIAN & LAIN-LAIN AKTIVITI,95211
PERKHIDMATAN,PERKHIDMATAN PERSENDIRIAN & LAIN-LAIN AKTIVITI,95212
PERKHIDMATAN,PERKHIDMATAN PERSENDIRIAN & LAIN-LAIN AKTIVITI,95214
PERKHIDMATAN,PERKHIDMATAN PERSENDIRIAN & LAIN-LAIN AKTIVITI,95221
PERKHIDMATAN,PERKHIDMATAN PERSENDIRIAN & LAIN-LAIN AKTIVITI,95222
PERKHIDMATAN,PERKHIDMATAN PERSENDIRIAN & LAIN-LAIN AKTIVITI,95230
PERKHIDMATAN,PERKHIDMATAN PERSENDIRIAN & LAIN-LAIN AKTIVITI,95240
PERKHIDMATAN,PERKHIDMATAN PERSENDIRIAN & LAIN-LAIN AKTIVITI,95291
PERKHIDMATAN,PERKHIDMATAN PERSENDIRIAN & LAIN-LAIN AKTIVITI,95292
PERKHIDMATAN,PERKHIDMATAN PERSENDIRIAN & LAIN-LAIN AKTIVITI,95293
PERKHIDMATAN,PERKHIDMATAN PERSENDIRIAN & LAIN-LAIN AKTIVITI,95294
PERKHIDMATAN,PERKHIDMATAN PERSENDIRIAN & LAIN-LAIN AKTIVITI,95295
PERKHIDMATAN,PERKHIDMATAN PERSENDIRIAN & LAIN-LAIN AKTIVITI,95296
PERKHIDMATAN,PERKHIDMATAN PERSENDIRIAN & LAIN-LAIN AKTIVITI,95299
PERKHIDMATAN,PERKHIDMATAN PERSENDIRIAN & LAIN-LAIN AKTIVITI,96011
PERKHIDMATAN,PERKHIDMATAN PERSENDIRIAN & LAIN-LAIN AKTIVITI,96012
PERKHIDMATAN,PERKHIDMATAN PERSENDIRIAN & LAIN-LAIN AKTIVITI,96013
PERKHIDMATAN,PERKHIDMATAN PERSENDIRIAN & LAIN-LAIN AKTIVITI,96014
PERKHIDMATAN,PERKHIDMATAN PERSENDIRIAN & LAIN-LAIN AKTIVITI,96020
PERKHIDMATAN,PERKHIDMATAN PERSENDIRIAN & LAIN-LAIN AKTIVITI,96031
PERKHIDMATAN,PERKHIDMATAN PERSENDIRIAN & LAIN-LAIN AKTIVITI,96032
PERKHIDMATAN,PERKHIDMATAN PERSENDIRIAN & LAIN-LAIN AKTIVITI,96033
PERKHIDMATAN,PERKHIDMATAN PERSENDIRIAN & LAIN-LAIN AKTIVITI,96034
PERKHIDMATAN,PERKHIDMATAN PERSENDIRIAN & LAIN-LAIN AKTIVITI,96035
PERKHIDMATAN,PERKHIDMATAN PERSENDIRIAN & LAIN-LAIN AKTIVITI,96091
PERKHIDMATAN,PERKHIDMATAN PERSENDIRIAN & LAIN-LAIN AKTIVITI,96092
PERKHIDMATAN,PERKHIDMATAN PERSENDIRIAN & LAIN-LAIN AKTIVITI,96093
PERKHIDMATAN,PERKHIDMATAN PERSENDIRIAN & LAIN-LAIN AKTIVITI,96094
PERKHIDMATAN,PERKHIDMATAN PERSENDIRIAN & LAIN-LAIN AKTIVITI,96096
PERKHIDMATAN,PERKHIDMATAN PERSENDIRIAN & LAIN-LAIN AKTIVITI,96097
PERKHIDMATAN,PERKHIDMATAN PERSENDIRIAN & LAIN-LAIN AKTIVITI,96099
PERKHIDMATAN,PROFESIONAL,69100
PERKHIDMATAN,PROFESIONAL,69200
PERKHIDMATAN,PROFESIONAL,70100
PERKHIDMATAN,PROFESIONAL,70201
PERKHIDMATAN,PROFESIONAL,70202
PERKHIDMATAN,PROFESIONAL,70203
PERKHIDMATAN,PROFESIONAL,70209
PERKHIDMATAN,PROFESIONAL,71101
PERKHIDMATAN,PROFESIONAL,71102
PERKHIDMATAN,PROFESIONAL,71103
PERKHIDMATAN,PROFESIONAL,71109
PERKHIDMATAN,PROFESIONAL,71200
PERKHIDMATAN,PROFESIONAL,72101
PERKHIDMATAN,PROFESIONAL,72102
PERKHIDMATAN,PROFESIONAL,72103
PERKHIDMATAN,PROFESIONAL,72104
PERKHIDMATAN,PROFESIONAL,72105
PERKHIDMATAN,PROFESIONAL,72106
PERKHIDMATAN,PROFESIONAL,72109
PERKHIDMATAN,PROFESIONAL,72201
PERKHIDMATAN,PROFESIONAL,72202
PERKHIDMATAN,PROFESIONAL,72209
PERKHIDMATAN,PROFESIONAL,73100
PERKHIDMATAN,PROFESIONAL,73200
PERKHIDMATAN,PROFESIONAL,74101
PERKHIDMATAN,PROFESIONAL,74102
PERKHIDMATAN,PROFESIONAL,74103
PERKHIDMATAN,PROFESIONAL,74109
PERKHIDMATAN,PROFESIONAL,74200
PERKHIDMATAN,PROFESIONAL,74901
PERKHIDMATAN,PROFESIONAL,74902
PERKHIDMATAN,PROFESIONAL,74903
PERKHIDMATAN,PROFESIONAL,74904
PERKHIDMATAN,PROFESIONAL,74905
PERKHIDMATAN,PROFESIONAL,74909
PERKHIDMATAN,PROFESIONAL,75000
PERLOMBONGAN DAN PENGKUARIAN,PERLOMBONGAN MINERAL DAN PENGKUARIAN,5100
PERLOMBONGAN DAN PENGKUARIAN,PERLOMBONGAN MINERAL DAN PENGKUARIAN,7101
PERLOMBONGAN DAN PENGKUARIAN,PERLOMBONGAN MINERAL DAN PENGKUARIAN,7291
PERLOMBONGAN DAN PENGKUARIAN,PERLOMBONGAN MINERAL DAN PENGKUARIAN,7293
PERLOMBONGAN DAN PENGKUARIAN,PERLOMBONGAN MINERAL DAN PENGKUARIAN,7294
PERLOMBONGAN DAN PENGKUARIAN,PERLOMBONGAN MINERAL DAN PENGKUARIAN,7295
PERLOMBONGAN DAN PENGKUARIAN,PERLOMBONGAN MINERAL DAN PENGKUARIAN,7298
PERLOMBONGAN DAN PENGKUARIAN,PERLOMBONGAN MINERAL DAN PENGKUARIAN,7299
PERLOMBONGAN DAN PENGKUARIAN,PERLOMBONGAN MINERAL DAN PENGKUARIAN,8101
PERLOMBONGAN DAN PENGKUARIAN,PERLOMBONGAN MINERAL DAN PENGKUARIAN,8102
PERLOMBONGAN DAN PENGKUARIAN,PERLOMBONGAN MINERAL DAN PENGKUARIAN,8104
PERLOMBONGAN DAN PENGKUARIAN,PERLOMBONGAN MINERAL DAN PENGKUARIAN,8105
PERLOMBONGAN DAN PENGKUARIAN,PERLOMBONGAN MINERAL DAN PENGKUARIAN,8106
PERLOMBONGAN DAN PENGKUARIAN,PERLOMBONGAN MINERAL DAN PENGKUARIAN,8107
PERLOMBONGAN DAN PENGKUARIAN,PERLOMBONGAN MINERAL DAN PENGKUARIAN,8108
PERLOMBONGAN DAN PENGKUARIAN,PERLOMBONGAN MINERAL DAN PENGKUARIAN,8109
PERLOMBONGAN DAN PENGKUARIAN,PERLOMBONGAN MINERAL DAN PENGKUARIAN,8999
PERLOMBONGAN DAN PENGKUARIAN,PERLOMBONGAN MINERAL DAN PENGKUARIAN,9900
PERLOMBONGAN DAN PENGKUARIAN,PERLOMBONGAN PETROLEUM DAN GAS ASLI,6101
PERLOMBONGAN DAN PENGKUARIAN,PERLOMBONGAN PETROLEUM DAN GAS ASLI,6201
PERLOMBONGAN DAN PENGKUARIAN,PERLOMBONGAN PETROLEUM DAN GAS ASLI,9101
PERLOMBONGAN DAN PENGKUARIAN,PERLOMBONGAN PETROLEUM DAN GAS ASLI,9102
PERTANIAN,PERHUTANAN & PEMBALAKAN,2101
PERTANIAN,PERHUTANAN & PEMBALAKAN,2103
PERTANIAN,PERHUTANAN & PEMBALAKAN,2105
PERTANIAN,PERHUTANAN & PEMBALAKAN,2201
PERTANIAN,PERHUTANAN & PEMBALAKAN,2202
PERTANIAN,PERHUTANAN & PEMBALAKAN,2203
PERTANIAN,PERHUTANAN & PEMBALAKAN,2204
PERTANIAN,PERHUTANAN & PEMBALAKAN,2301
PERTANIAN,PERHUTANAN & PEMBALAKAN,2302
PERTANIAN,PERHUTANAN & PEMBALAKAN,2401
PERTANIAN,PERHUTANAN & PEMBALAKAN,2402
PERTANIAN,PERIKANAN,3111
PERTANIAN,PERIKANAN,3112
PERTANIAN,PERIKANAN,3121
PERTANIAN,PERIKANAN,3211
PERTANIAN,PERIKANAN,3212
PERTANIAN,PERIKANAN,3213
PERTANIAN,PERIKANAN,3214
PERTANIAN,PERIKANAN,3215
PERTANIAN,PERIKANAN,3221
PERTANIAN,PERIKANAN,3222
PERTANIAN,PERIKANAN,3225
PERTANIAN,TANAMAN,1111
PERTANIAN,TANAMAN,1112
PERTANIAN,TANAMAN,1113
PERTANIAN,TANAMAN,1120
PERTANIAN,TANAMAN,1131
PERTANIAN,TANAMAN,1132
PERTANIAN,TANAMAN,1133
PERTANIAN,TANAMAN,1134
PERTANIAN,TANAMAN,1136
PERTANIAN,TANAMAN,1138
PERTANIAN,TANAMAN,1140
PERTANIAN,TANAMAN,1160
PERTANIAN,TANAMAN,1191
PERTANIAN,TANAMAN,1199
PERTANIAN,TANAMAN,1210
PERTANIAN,TANAMAN,1221
PERTANIAN,TANAMAN,1222
PERTANIAN,TANAMAN,1223
PERTANIAN,TANAMAN,1224
PERTANIAN,TANAMAN,1225
PERTANIAN,TANAMAN,1226
PERTANIAN,TANAMAN,1227
PERTANIAN,TANAMAN,1228
PERTANIAN,TANAMAN,1229
PERTANIAN,TANAMAN,1231
PERTANIAN,TANAMAN,1232
PERTANIAN,TANAMAN,1239
PERTANIAN,TANAMAN,1241
PERTANIAN,TANAMAN,1251
PERTANIAN,TANAMAN,1252
PERTANIAN,TANAMAN,1259
PERTANIAN,TANAMAN,1261
PERTANIAN,TANAMAN,1262
PERTANIAN,TANAMAN,1263
PERTANIAN,TANAMAN,1272
PERTANIAN,TANAMAN,1273
PERTANIAN,TANAMAN,1281
PERTANIAN,TANAMAN,1282
PERTANIAN,TANAMAN,1284
PERTANIAN,TANAMAN,1285
PERTANIAN,TANAMAN,1289
PERTANIAN,TANAMAN,1291
PERTANIAN,TANAMAN,1292
PERTANIAN,TANAMAN,1301
PERTANIAN,TANAMAN,1302
PERTANIAN,TANAMAN,1500
PERTANIAN,TANAMAN,1610
PERTANIAN,TANAMAN,1631
PERTANIAN,TANAMAN,1633
PERTANIAN,TANAMAN,1634
PERTANIAN,TERNAKAN,1411
PERTANIAN,TERNAKAN,1412
PERTANIAN,TERNAKAN,1420
PERTANIAN,TERNAKAN,1441
PERTANIAN,TERNAKAN,1442
PERTANIAN,TERNAKAN,1450
PERTANIAN,TERNAKAN,1461
PERTANIAN,TERNAKAN,1462
PERTANIAN,TERNAKAN,1463
PERTANIAN,TERNAKAN,1464
PERTANIAN,TERNAKAN,1466
PERTANIAN,TERNAKAN,1467
PERTANIAN,TERNAKAN,1491
PERTANIAN,TERNAKAN,1492
PERTANIAN,TERNAKAN,1493
PERTANIAN,TERNAKAN,1495
PERTANIAN,TERNAKAN,1496
PERTANIAN,TERNAKAN,1497
PERTANIAN,TERNAKAN,1499
PERTANIAN,TERNAKAN,1620
